label,Protocol Type,Duration,Rate,Tot sum,Min,Max,AVG,Std,Tot size,IAT,Radius
DDoS-RSTFINFlood,6,64,0.3298071531,567,54,54,54,0,54,83343831.92,0
DoS-TCP_Flood,6.33,64,4.290556192,581.33,54,66.3,54.79640359,2.822973165,57.04,82926067.47,4.010353307
DDoS-ICMP_Flood,1,64,33.39679911,441,42,42,42,0,42,83127993.93,0
DoS-UDP_Flood,17,64,4642.13301,525,50,50,50,0,50,83015696.38,0
DoS-SYN_Flood,6.11,65.91,6.202211257,644.6,57.88,131.6,67.95922987,23.11311146,57.88,82972999.18,32.71624254
Mirai-greeth_flood,47,64,1.954122905,6216,592,592,592,0,592,83698395.13,0
DDoS-SynonymousIP_Flood,6,64,1.902352867,567,54,54,54,0,54,83365480,0
Mirai-udpplain,6.66,79.77,493.2836359,973.23,62.4,166.71,93.90730504,35.34702893,94.41,83707173.31,48.12290307
DoS-UDP_Flood,16.89,65.73,16.88324003,1885.4,156.4,180.72,177.3948932,7.624943986,180.72,83007316.82,10.79298723
DDoS-SYN_Flood,6,64,11.24354696,569.4,54,56.4,54.1759765,0.6198492501,54.2,83089056.37,0.8781129708
DDoS-PSHACK_Flood,6.11,64.64,9.087881544,573.93,54,60.93,54.44495398,1.692072523,54.77,83330874.2,2.398779866
DDoS-TCP_Flood,6,64,17.33318126,567,54,54,54,0,54,83075921.33,0
DDoS-ICMP_Flood,1,75.46,0,441,42,42,42,0,42,83150047.38,0
DoS-TCP_Flood,6,64,0.2965156705,567,54,54,54,0,54,82943426.93,0
DDoS-ICMP_Flood,1,64,1.507148375,441,42,42,42,0,42,83150315.6,0
DoS-TCP_Flood,6.11,64.64,1.627960237,587.88,54,74.88,56.433378,6.330105488,55.16,82943431.13,8.960900809
DDoS-UDP_Flood,17,64,7752.316374,525,50,50,50,0,50,83102326.67,0
DoS-UDP_Flood,16.68,67.82,24151.39897,530,50,55,50.39663555,1.327509367,50.4,83011689.37,1.880409261
DDoS-SYN_Flood,6,64,50.09918777,567,54,54,54,0,54,83093981.15,0
DoS-UDP_Flood,17,64,21095.83339,525,50,50,50,0,50,83012428.32,0
DDoS-UDP_Flood,17,64,4124.115328,525,50,50,50,0,50,83123733.35,0
DDoS-ICMP_Flood,1,64,14.32837126,441,42,42,42,0,42,83149624.72,0
BenignTraffic,9.3,63.5,34.04822059,2733.2,77,817.5,356.4069444,332.1224511,817.5,0.005235219002,469.6920748
DoS-TCP_Flood,6,64,37.23935038,567,54,54,54,0,54,82925823.78,0
DDoS-ICMP_Flood,1,64,4972.500296,441,42,42,42,0,42,83128576.46,0
DDoS-TCP_Flood,5.94,63.36,0.3293883245,568.02,54,55.02,54.10586438,0.2991349781,54.06,83068547.06,0.4234948694
MITM-ArpSpoofing,6,64,3244.965758,363,66,66,66,0,66,5.51E-06,0
Mirai-greeth_flood,47,64,3.118460957,6216,592,592,592,0,592,83676994.78,0
DDoS-SynonymousIP_Flood,6,64,3.044594524,567,54,54,54,0,54,83362094.36,0
DDoS-TCP_Flood,6,64,114.0965697,567,54,54,54,0,54,83072244.96,0
DDoS-UDP_Flood,17,64,5555.451084,525,50,50,50,0,50,83106701.97,0
DDoS-SynonymousIP_Flood,6,64,11.65243047,567,54,54,54,0,54,83362640.06,0
DoS-TCP_Flood,6,64,0.3002222056,567,54,54,54,0,54,82943426.95,0
DDoS-ICMP_Flood,1,64,16.82780037,441,42,42,42,0,42,83128033.4,0
DDoS-ICMP_Flood,0.99,63.36,6.544965758,441.18,42,42.18,42.009,0.03923009049,42.18,83149812.24,0
DDoS-RSTFINFlood,6,64,20.43609433,567,54,54,54,0,54,83348228.76,0
DDoS-PSHACK_Flood,6,64,60.87311908,567,54,54,54,0,54,83331101.7,0
DDoS-RSTFINFlood,6,64,24.20743869,567,54,54,54,0,54,83344976.84,0
DDoS-UDP_Flood,17,64,8857.995581,525,50,50,50,0,50,83102400.48,0
DDoS-RSTFINFlood,6,64,2.104608206,567,54,54,54,0,54,83349321.34,0
DDoS-PSHACK_Flood,6,64,1.076698006,567,54,54,54,0,54,83330936.89,0
DDoS-UDP_Flood,15.61,81.75,9027.058915,551.37,50,64.87,51.4937875,3.62023701,58.51,83123585.27,5.165004022
DoS-SYN_Flood,6,64,0.2835616765,567,54,54,54,0,54,82981049.18,0
DDoS-RSTFINFlood,6,64,32.39657829,567,54,54,54,0,54,83344977.34,0
DDoS-PSHACK_Flood,6,64,2.529985186,567,54,54,54,0,54,83330936.63,0
DDoS-SYN_Flood,6,64,12.61511207,1310.8,84.16,165.76,123.2153909,38.99788648,123.04,83089437.9,55.14541412
DDoS-ICMP_Flood,0.99,72.91,3.081850485,442.44,42,43.44,42.08901522,0.345800049,42.18,83128755.47,0.4903974984
DoS-SYN_Flood,6,64,12.38972083,567,54,54,54,0,54,82980870.54,0
DDoS-SYN_Flood,6,64,18.8210844,567.32,54,54.32,54.01978116,0.07684445534,54.04,83090046.44,0.1089772219
DDoS-ICMP_Flood,1,64,0.8008418349,441,42,42,42,0,42,83149998.09,0
DDoS-UDP_Flood,17,64,8034.747371,525,50,50,50,0,50,83123582.61,0
DDoS-SYN_Flood,6,64,24.00957108,567,54,54,54,0,54,83089242.17,0
DDoS-UDP_Flood,17,64,5398.429353,525,50,50,50,0,50,83098539.87,0
DDoS-ICMP_Flood,1,64,1.210802497,441,42,42,42,0,42,83128823.94,0
BenignTraffic,10.4,97.8,39966.18404,10171.8,55.6,1566.4,661.318481,694.9070699,636.4,166520014,983.9683346
DDoS-ACK_Fragmentation,6.16,65.91,66.66932317,9716.92,330.13,1479.8,927.1756029,538.4419292,923.92,83335506.16,761.3484898
DDoS-ICMP_Flood,1.15,65.27,70.0589919,467.96,42,66.62,44.09577227,6.486488618,44.06,83153707.44,9.187336681
DDoS-UDP_Flood,17,64,3601.595667,525,50,50,50,0,50,83106187.95,0
DoS-TCP_Flood,5.88,62.72,9.872114311,567.3,54,54.18,54.01564912,0.05015721772,54.12,82925790.68,0.07151784053
DDoS-TCP_Flood,6,64,71.87812109,567,54,54,54,0,54,83067439.88,0
DDoS-RSTFINFlood,6,64,926.7132125,567,54,54,54,0,54,83348625.29,0
DoS-UDP_Flood,17,64,25.33633755,1701,162,162,162,0,162,83008107.35,0
DDoS-ICMP_Flood,1,64,2.982356381,441,42,42,42,0,42,83124530.92,0
DDoS-PSHACK_Flood,6,64,7.398340168,567,54,54,54,0,54,83313727.33,0
DDoS-PSHACK_Flood,6,64,3.585884318,567,54,54,54,0,54,83313810.6,0
DDoS-RSTFINFlood,6,64,34.46706473,567,54,54,54,0,54,83349144.65,0
DoS-UDP_Flood,17,64,5429.283758,536.76,50,61.76,50.63801135,2.662456258,52.94,83016348.4,3.787533944
DDoS-SynonymousIP_Flood,6,65.69,295.1137379,583.72,54,70.72,55.16853253,4.233164386,55.52,83362223.94,5.998103023
Mirai-udpplain,16.83,64,967.3635591,5644.2,381.2,554,533.8616993,52.3870799,544.4,83759012.78,74.15917911
DDoS-ICMP_Flood,1,64,5.574181476,441,42,42,42,0,42,83127777.76,0
BenignTraffic,8.8,137.7,13.94793517,6720.3,156,3922.9,1177.51123,1302.11719,919.3,0.02724580765,1841.471789
DDoS-ICMP_Flood,1,64,163.4791963,441,42,42,42,0,42,83123999.45,0
DDoS-TCP_Flood,6,64,6.269770432,567,54,54,54,0,54,83068281.05,0
DDoS-SynonymousIP_Flood,5.94,65.1,13.83471333,569.46,54,56.46,54.16051837,0.6029119967,54.3,83361295.93,0.8549169547
DDoS-TCP_Flood,6,64,11.09692304,567,54,54,54,0,54,83076118.73,0
DDoS-SynonymousIP_Flood,5.94,63.36,1.0551355,568.08,54,55.08,54.12586438,0.3274192494,54.06,83361307.94,0.4634948694
Mirai-udpplain,16.84,72.79,799.0091037,5478.28,455.04,554,526.3501558,39.36200182,526.65,83759393.01,55.74965696
DDoS-TCP_Flood,6,64,31.70947603,567,54,54,54,0,54,83075976.37,0
BenignTraffic,4.8,168.3,34.2231302,361.2,64.8,66,65.81333333,0.4285618083,64.8,0.03804950714,0.6060779216
DDoS-TCP_Flood,6,64,0.5689048873,567,54,54,54,0,54,83072370.76,0
DoS-TCP_Flood,6,64,47.44874102,568.56,54,55.56,54.1205859,0.4115958197,54.12,82955885.32,0.5829926433
DDoS-PSHACK_Flood,6,64,17.19322323,567,54,54,54,0,54,83331863.7,0
DDoS-SYN_Flood,6,64,2.468322741,567,54,54,54,0,54,83093975.98,0
DDoS-SynonymousIP_Flood,6,64,0.6852958813,567,54,54,54,0,54,83362147.65,0
DDoS-PSHACK_Flood,6.11,63.37,0.52333677,580.12,54,67.12,54.81102753,3.150622669,55.64,83314550.54,4.468066097
DDoS-RSTFINFlood,6,64,2.801612269,567,54,54,54,0,54,83348614.38,0
BenignTraffic,7.1,63.6,61.44383087,7898.4,1227.3,1514,1469.563333,101.9385343,1227.3,0.00183339119,144.1628577
Mirai-greeth_flood,46.59,65.91,0,6135.9,511.9,592,584.9810702,22.17472522,586.66,83702743.73,31.4002144
DDoS-ICMP_Flood,1.37,67.82,0.3876736446,460.31,42,51.1,43.52220784,3.227652187,43.46,83128694.13,4.570727168
DDoS-RSTFINFlood,6,64,26.20684213,567,54,54,54,0,54,83345129.06,0
DDoS-SYN_Flood,6,64,13.73690847,567,54,54,54,0,54,83093109.75,0
DDoS-SynonymousIP_Flood,6,64,2.681958527,567,54,54,54,0,54,83365671.2,0
DoS-UDP_Flood,17,64,31003.08886,525,50,50,50,0,50,83028632.28,0
Mirai-greeth_flood,45.76,62.56,18.57306688,6001.7,510.7,592,574.6800789,32.74300291,575.94,83693904.42,46.36291967
DDoS-TCP_Flood,6,64,3.91546513,567,54,54,54,0,54,83076368.76,0
DoS-TCP_Flood,6.11,65.91,0.2494348059,570.24,54,57.24,54.20803043,0.7910988418,54.36,82943163.71,1.12150747
DDoS-RSTFINFlood,6,64,7.509285667,567,54,54,54,0,54,83344068.61,0
DDoS-ICMP_Flood,1,64,24.49298695,441,42,42,42,0,42,83123992.2,0
DDoS-RSTFINFlood,6.11,64,2.939548097,598.85,54,85.85,56.46196216,8.403414653,56.45,83344543.29,11.90276647
DDoS-ICMP_Flood,1,64,0,441,42,42,42,0,42,83150192.51,0
DDoS-RSTFINFlood,6,64,1.11610534,567,54,54,54,0,54,83343897.66,0
DDoS-PSHACK_Flood,6,64,69.05113431,567,54,54,54,0,54,83314096.66,0
DoS-SYN_Flood,6.11,63.36,28.25560741,1047.44,68.56,361.68,117.3570001,102.1337337,110.2,82981077.54,140.10091
DDoS-TCP_Flood,5.91,64,10075.12182,1878.4,152.4,312.64,171.3809137,43.98208951,183.11,83064030.92,62.323538
Mirai-greip_flood,46.23,65.27,0.6399433499,6049.9,562.38,578,576.9858029,3.719548795,569.34,83573778.49,4.483203444
DDoS-UDP_Flood,17,64.64,5642.30046,527.52,50,52.52,50.15033812,0.5956711303,50.36,83098919.31,0.8451309496
DDoS-ICMP_Flood,1,64,14.18712867,441,42,42,42,0,42,83127725.77,0
DDoS-SynonymousIP_Flood,6,64,1.27985686,567,54,54,54,0,54,83361411.06,0
DDoS-UDP_Flood,17,64,8824.709362,525,50,50,50,0,50,83106334.06,0
DDoS-PSHACK_Flood,6,64,4.377121025,567,54,54,54,0,54,83332153.98,0
DDoS-TCP_Flood,6,64,0.3300888881,567,54,54,54,0,54,83072380.82,0
DDoS-ICMP_Flood,1,64,43.54348063,441,42,42,42,0,42,83124653.15,0
DDoS-RSTFINFlood,6,64,6.548402206,567,54,54,54,0,54,83344941.74,0
DDoS-ICMP_Flood,1,65.91,2.143795086,441,42,42,42,0,42,83128820.26,0
DDoS-SYN_Flood,6.22,67.38,28.40928437,726.21,54,185.01,64.73250756,34.27249005,71.55,83089857.94,48.56150094
DoS-UDP_Flood,17,64,3.761277311,1701,162,162,162,0,162,83007917.42,0
DoS-UDP_Flood,16.89,63.85,13.46088821,1685.16,146.16,162,160.1539891,4.802148991,161.12,83008135.56,6.797924752
DDoS-TCP_Flood,6,64,470.7147747,567,54,54,54,0,54,83037265.76,0
DDoS-PSHACK_Flood,6,64,62.20966579,567,54,54,54,0,54,83314873.9,0
DDoS-UDP_Flood,17,64,4922.91436,525,50,50,50,0,50,83102469.18,0
DDoS-UDP_Flood,17,64,22963.83322,525,50,50,50,0,50,83106624.72,0
DDoS-SYN_Flood,6,64,57.58045097,567,54,54,54,0,54,83495272.53,0
DDoS-ICMP_Flood,1,64,29.86745662,441,42,42,42,0,42,83153712.38,0
DDoS-ICMP_Flood,1,64,7.58167515,441,42,42,42,0,42,83124634.36,0
DDoS-RSTFINFlood,6,65.91,2.787440491,567.36,54,54.36,54.02311449,0.08789987131,54.04,83348607.39,0.1246119411
DDoS-SynonymousIP_Flood,6,64,1.354321647,567,54,54,54,0,54,83361400.73,0
DoS-SYN_Flood,6,65.91,3.458200386,588.66,54.76,64.46,55.82857326,2.564558952,55.97,82972415.73,3.619742294
DDoS-UDP_Flood,16.89,63.79,8624.464143,542.92,50,67.92,51.46910676,4.838262106,51.28,83098903.8,6.852023919
DoS-UDP_Flood,16.84,65.91,33810.63356,528.6,50,53.6,50.41954793,1.091397498,50.2,83011449.44,1.544982898
DDoS-TCP_Flood,6,64,5.021592239,567,54,54,54,0,54,83076028.5,0
DDoS-ICMP_Flood,1,64,23.49767253,441,42,42,42,0,42,83124700.33,0
DDoS-TCP_Flood,6,64,0,567,54,54,54,0,54,83072028.12,0
DoS-TCP_Flood,6.05,63.36,0.3631709987,574.5,54,60.48,54.86105066,1.948455345,54.42,82946582.23,2.758215507
DDoS-SynonymousIP_Flood,6,64,8.641723502,567,54,54,54,0,54,83362307.32,0
DDoS-SynonymousIP_Flood,6,64,4.806829183,567,54,54,54,0,54,83365453.79,0
DDoS-UDP_Flood,17,64,51773.04438,525,50,50,50,0,50,83123743.81,0
DDoS-SynonymousIP_Flood,6,64,1.519255639,567,54,54,54,0,54,83365558.43,0
DDoS-SynonymousIP_Flood,6,64,2.829163681,567,54,54,54,0,54,83365457.34,0
DoS-UDP_Flood,16.89,64,4917.507671,528.84,50,53.84,50.36345752,1.092616864,50.24,83011480.02,1.547010093
DDoS-UDP_Flood,17,64,9154.974176,525,50,50,50,0,50,83123751.1,0
DDoS-TCP_Flood,6,64,10.91160162,567,54,54,54,0,54,83067385.21,0
DDoS-ICMP_Flood,1,64,7.39530078,441,42,42,42,0,42,83483212.51,0
DoS-UDP_Flood,17,64,3.538450441,1701,162,162,162,0,162,83007694.63,0
DDoS-PSHACK_Flood,6,64,2.007776338,567,54,54,54,0,54,83331772.11,0
DDoS-TCP_Flood,6,64,0.5062988689,567,54,54,54,0,54,83037713.54,0
DDoS-SYN_Flood,6,64,2.547370686,567,54,54,54,0,54,83495261.47,0
DDoS-SynonymousIP_Flood,5.94,63.36,1.07830005,568.02,54,55.02,54.10586438,0.2991349781,54.06,83362056.46,0.4234948694
DDoS-PSHACK_Flood,6,64,0.7521113044,567,54,54,54,0,54,83332149.25,0
DoS-HTTP_Flood,6.11,63.85,14.83238345,8549.46,223.21,1939.27,844.3557241,587.4579963,852.11,83002639.08,831.3861301
DoS-SYN_Flood,6,64,0.5921247445,567,54,54,54,0,54,82972399.21,0
DoS-UDP_Flood,16.72,65.27,6897.755089,548.65,51.18,65.1,53.82328386,4.558568557,51.28,83011566.83,6.45351998
Mirai-udpplain,16.68,64.78,936.7353898,5661.96,508.4,554,544.1560152,18.4956828,535.76,83767610.85,26.2063882
DDoS-ICMP_Fragmentation,0.96,61.44,21.48442484,9350.28,322.74,1456.4,862.3276675,548.1524552,902.88,83249458.51,774.9323978
DDoS-SynonymousIP_Flood,6,64,1.225824738,567,54,54,54,0,54,83361180.92,0
DDoS-RSTFINFlood,6,64,62.5548695,567,54,54,54,0,54,83344178.95,0
DDoS-SynonymousIP_Flood,6,64,2.020433921,567,54,54,54,0,54,83362037.5,0
DoS-TCP_Flood,6,64,17.76053889,567,54,54,54,0,54,82946597.35,0
DDoS-PSHACK_Flood,6,64,3.259452962,567,54,54,54,0,54,83332131.98,0
DDoS-PSHACK_Flood,6,64,14.1727829,567,54,54,54,0,54,83313797.22,0
DDoS-RSTFINFlood,6,64,16.08878065,567,54,54,54,0,54,83344002.62,0
DDoS-SYN_Flood,6.05,73.28,21.20418711,630.01,54.55,108.1,60.45141631,14.86718411,60.14,83094169.53,21.06682884
DDoS-UDP_Flood,17,64,8736.924905,525,50,50,50,0,50,83098791.67,0
DDoS-RSTFINFlood,6,64,3.539747965,567,54,54,54,0,54,83344102.11,0
DDoS-UDP_Flood,17,64,12711.11491,525,50,50,50,0,50,83123630.8,0
DDoS-UDP_Flood,17,64,88770.8785,525,50,50,50,0,50,83102334.99,0
DDoS-ICMP_Flood,1,64,44.51539383,441,42,42,42,0,42,83124133.11,0
DDoS-TCP_Flood,6.11,64.59,3.438386004,584.6,54,71.6,55.17703767,4.373558763,55.76,83076369.11,6.19846716
BenignTraffic,6,64,69.03285779,21601.8,95,1948.4,1376.164448,528.3326201,1948.4,166526136.8,739.0515207
BenignTraffic,9.9,93.9,19.91734985,1653.3,54,256.8,104.9695136,58.01317889,135.6,166521239.7,82.18596036
DDoS-ICMP_Flood,1,64,3.827675464,441,42,42,42,0,42,83483270.83,0
DDoS-RSTFINFlood,6,64,0.6265513797,567,54,54,54,0,54,83349375.7,0
DoS-SYN_Flood,6,64,0.5288794729,567,54,54,54,0,54,82977523.49,0
DDoS-PSHACK_Flood,6,64,6.207932612,567,54,54,54,0,54,83332137.2,0
DDoS-UDP_Flood,17,64,9689.40987,525,50,50,50,0,50,83106508.72,0
DDoS-TCP_Flood,6,64,19.76167098,567,54,54,54,0,54,83067573.73,0
DoS-TCP_Flood,6,64,0.4518912662,567,54,54,54,0,54,82950857.59,0
DDoS-TCP_Flood,6,64,10.39540659,567,54,54,54,0,54,83033810.11,0
DDoS-ICMP_Flood,1,64,12.78647622,441,42,42,42,0,42,83129074.51,0
DDoS-ICMP_Flood,1.16,63.99,21.76874473,447.44,42,48.44,42.43789308,1.603079189,42.84,83124435.18,2.2734541
DDoS-UDP_Flood,17,64,6332.223561,525,50,50,50,0,50,83123675.62,0
DoS-SYN_Flood,6,64,0.3158800657,567,54,54,54,0,54,82973543.27,0
DDoS-ICMP_Flood,1,64,9.926355285,441,42,42,42,0,42,83128093.44,0
DDoS-ACK_Fragmentation,5.81,60.66,11.47843688,9600.96,335.6,1514,957.4979477,553.9767315,890.86,83335194.56,783.6138698
DoS-TCP_Flood,5.94,63.36,20.13394777,568.2,54.06,55.2,54.21586438,0.3574192494,54.06,82946362.24,0.5059212763
DDoS-SYN_Flood,6,64,7.140166385,567,54,54,54,0,54,83089988.18,0
DDoS-TCP_Flood,6,64,20.46935554,567,54,54,54,0,54,83033988.67,0
DDoS-SYN_Flood,6,64,3.31776358,567,54,54,54,0,54,83094031.46,0
DDoS-ICMP_Flood,1,64,9.518777173,441,42,42,42,0,42,83149800.01,0
DDoS-ICMP_Flood,1,64,20.69694059,441,42,42,42,0,42,83124141.91,0
DDoS-ICMP_Flood,1,64,4.339783974,441,42,42,42,0,42,83124073.61,0
DDoS-SYN_Flood,6,64,31.70487127,567,54,54,54,0,54,83089241.82,0
DDoS-PSHACK_Flood,6,64,2.790730973,567,54,54,54,0,54,83331850.96,0
MITM-ArpSpoofing,5.5,80.8,86.36816036,9065.8,54,2390,1354.908254,1137.288218,1810.4,0.002277588844,1608.368422
Mirai-greeth_flood,47,64,0.3844221335,6216,592,592,592,0,592,83702698.73,0
DoS-UDP_Flood,16.67,64,37.62747835,1884.92,168.68,182,180.5051859,3.970411689,177.28,83003699.57,5.636359608
DDoS-ICMP_Flood,1.05,65.74,3.697383506,452.59,42,53.59,43.58462119,3.633762369,42.61,83124645.75,5.143532976
DDoS-SynonymousIP_Flood,5.94,66.97,1.040199396,572.02,54,59.02,54.54394094,1.478505693,54.3,83362410.58,2.093193435
Mirai-udpplain,17,64,1709.514362,5817,554,554,554,0,554,83711448.82,0
Mirai-greeth_flood,46.53,63.36,0,6200.04,576.04,592,591.1584444,3.566013285,586.68,83681515,5.083370227
DDoS-UDP_Flood,17,64,26138.78116,525,50,50,50,0,50,83123830.95,0
DDoS-UDP_Flood,17,64.64,13272.05254,531.84,50,56.84,50.93518628,2.144515496,50.36,83107458.34,3.035527658
DDoS-ICMP_Flood,1,64,0.880828305,441,42,42,42,0,42,83149764.09,0
DoS-UDP_Flood,16.84,65.91,18226.6802,528.4,50,53.4,50.35288126,0.9971165937,50.2,83011790.55,1.411649565
DDoS-SynonymousIP_Flood,6,64,0.7568053418,567,54,54,54,0,54,83361048.38,0
DDoS-RSTFINFlood,6,64,48.82320622,567,54,54,54,0,54,83349160.13,0
DDoS-TCP_Flood,6,64,1.914470851,567,54,54,54,0,54,83076446.42,0
DDoS-ICMP_Flood,1,64,0.9981279912,441,42,42,42,0,42,83128393.85,0
DDoS-PSHACK_Flood,6,64,3.964970128,567,54,54,54,0,54,83313916.87,0
Mirai-greeth_flood,47,64,52.53781597,6216,592,592,592,0,592,83681518.81,0
BenignTraffic,8.2,114.2,32.00560463,1105.4,92.3,364.6,214.175873,114.0474581,161.8,0.005179405212,161.287462
Mirai-greeth_flood,46.7,64.59,9.587168544,6202.32,578.32,592,591.2786667,3.056582816,587.44,83681306.22,4.35717448
DDoS-TCP_Flood,6,64,5.145727065,567,54,54,54,0,54,83067252.46,0
Mirai-greeth_flood,47,64,73.36226333,6216,592,592,592,0,592,83676911.02,0
DDoS-SYN_Flood,5.88,62.72,2.216529255,570.1,54,56.62,54.24982653,0.7051428495,54.32,83094323.72,0.999180179
DDoS-UDP_Flood,17,64,69630.35326,525,50,50,50,0,50,83103025.07,0
Mirai-udpplain,17,64,2093.864598,5817,554,554,554,0,554,83759143.46,0
DoS-TCP_Flood,6,64,0.4329114621,567,54,54,54,0,54,82951113.79,0
DDoS-SYN_Flood,6,65.68,3.893729137,567.68,54,54.68,54.07057625,0.1994233187,54.04,83093964.37,0.282329913
DDoS-PSHACK_Flood,6,64,1.503287531,567,54,54,54,0,54,83331106.82,0
Recon-PortScan,6,47.7,90.90878353,879,54,58,56.66245719,1.867369298,58,166429800.8,2.645008108
DDoS-RSTFINFlood,5.94,63.36,1.421636526,567.24,54,54.24,54.01302064,0.054335842,54.06,83348140.03,0.0772966111
DDoS-SYN_Flood,6.11,65.91,31.17916188,568.6,54,55.6,54.08,0.3487119155,55.6,83089756.48,0
BenignTraffic,6,87.6,3437.658351,14227,85.6,3416.4,908.4658594,990.3471194,1196.8,166517697.9,1393.174348
DDoS-UDP_Flood,17,64,9808.097568,525,50,50,50,0,50,83123863.32,0
DDoS-PSHACK_Flood,6,64,4.479920083,567,54,54,54,0,54,83314532.63,0
DDoS-ICMP_Flood,1,64,2.392375435,441,42,42,42,0,42,83127727.47,0
DDoS-UDP_Flood,17,64,6199.609094,525,50,50,50,0,50,83101809,0
DDoS-RSTFINFlood,6,64,10.03185613,567,54,54,54,0,54,83340873.34,0
DDoS-SYN_Flood,6,64,22.94866197,567,54,54,54,0,54,83089967.53,0
DDoS-PSHACK_Flood,6,64,229.8059885,567,54,54,54,0,54,83331113.46,0
DDoS-SynonymousIP_Flood,6,63.56,0.932933261,573.21,54,59.52,54.375725,1.382184841,55.38,83362573.14,1.879857077
Mirai-greeth_flood,46.53,63.36,3.294405953,6178.76,554.76,592,589.7783366,8.802695592,586.68,83677348.24,12.48915737
DDoS-ICMP_Flood,1,64,0,441,42,42,42,0,42,83132209.46,0
DDoS-SynonymousIP_Flood,6,64,1.801066549,567,54,54,54,0,54,83361869.13,0
DoS-SYN_Flood,6,64,0.6094467351,567,54,54,54,0,54,82980872.34,0
DDoS-ICMP_Flood,1,64,14.92614956,441,42,42,42,0,42,83132728.53,0
DoS-SYN_Flood,5.94,67.18,0.2961134832,568.32,54,54.9,54.07978445,0.2322268607,54.18,82977250.8,0.3293615644
DDoS-TCP_Flood,6.11,64,2.918188447,598.02,54,85.02,56.16793536,7.853633927,56.82,83075906.84,11.12805956
DDoS-SynonymousIP_Flood,6,64,2.163679106,567,54,54,54,0,54,83365677.48,0
DoS-TCP_Flood,6,64,2.322845988,567,54,54,54,0,54,82951266.84,0
DDoS-ICMP_Flood,1,64,3.255457677,441,42,42,42,0,42,83149445.99,0
DoS-TCP_Flood,6,67.44,3.763414085,581.52,54,67.08,55.07085902,3.376966239,55.2,82951680.41,4.7838176
DDoS-SYN_Flood,6.06,64.36,1884.399571,569.84,54,55.76,54.15243206,0.4740482084,54.8,83093346.79,0.6743314677
BenignTraffic,6,64,61.74702933,9485.4,1514,2238,1656.156825,285.452568,1803.6,0.0004521131516,403.6908931
Mirai-udpplain,17,64,683.3588846,5817,554,554,554,0,554,83759118.21,0
DoS-TCP_Flood,6,64,1.73820374,567,54,54,54,0,54,82956089.59,0
DDoS-ICMP_Flood,1,64,50.74440297,441,42,42,42,0,42,83128552.37,0
DDoS-UDP_Flood,17,64,14226.93412,525,50,50,50,0,50,83102404.98,0
Mirai-udpplain,17,64,1093.355943,5817,554,554,554,0,554,83707371.6,0
DDoS-RSTFINFlood,6,64,14.51557352,567,54,54,54,0,54,83345133.07,0
DDoS-SYN_Flood,6,64,92.8929837,567,54,54,54,0,54,83089180.54,0
DDoS-RSTFINFlood,6,64,7.744698294,567,54,54,54,0,54,83348135.28,0
DNS_Spoofing,7.1,127.1,56.06435033,11333,66,5244,744.9579055,1271.479466,360,166853715.9,1801.390667
DDoS-PSHACK_Flood,6,64,114.8699522,567,54,54,54,0,54,83314301.11,0
DDoS-PSHACK_Flood,6.17,66.49,27.22299236,647.57,54,96.3,60.81300754,13.95912619,59.59,83314393.87,19.7654575
DDoS-UDP_Flood,17,64,7763.84605,525,50,50,50,0,50,83101806.29,0
DDoS-ICMP_Flood,1,64,115.8471503,441,42,42,42,0,42,83149679.81,0
DDoS-UDP_Flood,17,64,6069.298721,525,50,50,50,0,50,83123631.05,0
DDoS-ICMP_Fragmentation,1.57,64.38,17.89153062,9178.9,236.8,1450.64,833.2783495,563.5951696,884.49,83245774.85,796.8790908
DoS-TCP_Flood,6,64,0.3954918994,567,54,54,54,0,54,82946965.09,0
DDoS-SynonymousIP_Flood,6,64,1.224120707,567,54,54,54,0,54,83361115.39,0
Mirai-udpplain,16.66,62.72,1451.051112,5688.56,425.56,554,543.709102,34.27148137,544.12,83784871.29,48.54197324
DDoS-SynonymousIP_Flood,6,64,0.9046332171,567,54,54,54,0,54,83365655.4,0
DDoS-SYN_Flood,6,64,1.573165655,567,54,54,54,0,54,83089070.07,0
DDoS-SYN_Flood,6,64,1.287193456,567,54,54,54,0,54,83093968.63,0
DDoS-TCP_Flood,6,64,32.56978234,567,54,54,54,0,54,83072482.7,0
DDoS-RSTFINFlood,6,64,211.08437,567,54,54,54,0,54,83340851.48,0
DDoS-TCP_Flood,6,64,31.6836398,567,54,54,54,0,54,83068264.26,0
DDoS-SynonymousIP_Flood,6,64,0.9399111094,567,54,54,54,0,54,83365583.13,0
DDoS-SYN_Flood,6,64,190.0411862,567,54,54,54,0,54,83089251.89,0
DDoS-ICMP_Flood,1.16,64,0.7835304513,441.16,42,42.16,42.008,0.03487119155,42.16,83149331.53,0
DoS-UDP_Flood,16.89,64.64,6048.82496,532.64,50,57.64,50.40606752,1.712014727,53.22,83016017.56,2.445525896
DDoS-UDP_Flood,17,64,11508.62603,525,50,50,50,0,50,83101884.64,0
DDoS-PSHACK_Flood,6,64,1.312321032,567,54,54,54,0,54,83331146.43,0
DoS-UDP_Flood,17,64,10726.8064,525,50,50,50,0,50,83011421.86,0
DDoS-ICMP_Flood,1,64,0.4999768745,441,42,42,42,0,42,83149978.05,0
DDoS-UDP_Flood,17,64,58270.56177,525,50,50,50,0,50,83102353.27,0
DoS-UDP_Flood,16.36,71.64,21483.64911,536.6,50.6,54.2,51.66864379,1.505092359,50.8,83015406.86,2.069019248
DDoS-UDP_Flood,17,64,7470.675702,525,50,50,50,0,50,83123491.06,0
DDoS-ICMP_Flood,1,64,162.6171949,441,42,42,42,0,42,83149567.76,0
DDoS-SYN_Flood,6,64,1.38957214,567,54,54,54,0,54,83093264.34,0
BenignTraffic,6,165.2,13.38627558,568,66,187.6,100.0237698,46.95432334,95.3,0.01188430786,66.40344088
DoS-UDP_Flood,17,64,1.623740352,1911,182,182,182,0,182,83006951.62,0
DoS-TCP_Flood,6,64,37.94788651,567,54,54,54,0,54,82955804.44,0
DoS-UDP_Flood,17,64,21030.68663,525,50,50,50,0,50,83015404.35,0
DDoS-UDP_Flood,17,64,5897.408944,525,50,50,50,0,50,83098711.19,0
DDoS-RSTFINFlood,6,64,256.5715859,567,54,54,54,0,54,83348621.55,0
DoS-UDP_Flood,17,63.94,29095.45432,526.64,49.24,52.4,50.03456135,0.7971205602,50.36,83011729.84,1.130628967
DDoS-PSHACK_Flood,6,64,3.857340256,567,54,54,54,0,54,83331240.34,0
DDoS-UDP_Flood,17,64,36291.44647,525,50,50,50,0,50,83102459.98,0
Mirai-greeth_flood,46.06,62.72,31.07375221,6130.88,506.88,592,585.8124695,21.81342796,581.36,83698525.9,30.92937741
DDoS-SynonymousIP_Flood,6,64,1.617889043,568.44,54,55.44,54.08308256,0.3353046364,54.24,83362345.84,0.47600887
DoS-SYN_Flood,6.05,65.27,1.988350559,746.34,65.22,100.44,70.20615393,10.50985295,70.04,82986299.74,14.88383072
DNS_Spoofing,7.1,83.1,5.72194039,3885.5,66,676.5,252.3259195,238.9175559,230.5,166861490.6,338.4560747
DDoS-SynonymousIP_Flood,5.95,65.91,25.76290509,572.28,54,59.28,54.38714831,1.36366835,54.44,83361355.9,1.931848536
DDoS-RSTFINFlood,6,64,11.74447972,567,54,54,54,0,54,83344011.24,0
DDoS-SynonymousIP_Flood,6,64,1.067306727,567,54,54,54,0,54,83365595.63,0
DDoS-ICMP_Flood,1,64,1.429126235,441,42,42,42,0,42,83150272.13,0
DDoS-PSHACK_Flood,6,64,98.04930162,567,54,54,54,0,54,83313816.07,0
DDoS-PSHACK_Flood,6,64,29.72891519,567,54,54,54,0,54,83331320.26,0
DDoS-SYN_Flood,6.05,63.22,43.70816743,573.15,54,59.19,54.59889151,1.478330882,54.53,83088808.94,2.09420458
DDoS-ICMP_Flood,1,64,26.8891496,441,42,42,42,0,42,83124781.38,0
DoS-SYN_Flood,6.17,74.86,13.16018491,633.48,54,95.24,59.66640873,11.88745672,59.36,82972716.28,16.83370315
Mirai-udpplain,16.56,63.1,1607.008409,5587.18,479,554,536.2069256,30.47387807,535.38,83789014.28,43.14744229
DDoS-SynonymousIP_Flood,6,64,301.1634954,567,54,54,54,0,54,83365546.31,0
DDoS-SynonymousIP_Flood,6.22,65.87,3.114476261,838.12,67.38,325.12,102.3183882,80.48107822,69.14,83365597.83,113.9320236
DDoS-ICMP_Flood,1,64,1.302168012,441,42,42,42,0,42,83150256.78,0
DDoS-ICMP_Flood,1,64,12.18820904,441,42,42,42,0,42,83128173.71,0
DDoS-UDP_Flood,17,64,6199.065828,525,50,50,50,0,50,83098356.57,0
DDoS-ICMP_Flood,1,64,68.35232958,441,42,42,42,0,42,83128165.12,0
DDoS-SynonymousIP_Flood,6.11,64,0.9760455528,569.28,54,56.28,54.16717768,0.5888567876,54.19,83365555.02,0.8342073223
DDoS-RSTFINFlood,6,64,1.460175249,567,54,54,54,0,54,83345155.33,0
DDoS-PSHACK_Flood,6,64,21.05065459,571.56,54,58.56,54.62345752,1.429676997,54.24,83314005.47,2.023685105
DoS-TCP_Flood,6,64,0.4272137367,567,54,54,54,0,54,82946958.9,0
DDoS-ICMP_Flood,1,64,118.3934235,441,42,42,42,0,42,83124655.35,0
DoS-SYN_Flood,6,64,0.466132928,567,54,54,54,0,54,82985579.94,0
DDoS-PSHACK_Flood,6,64,1.847651595,567,54,54,54,0,54,83313883.15,0
DoS-SYN_Flood,6,63.92,0.3542741736,567.6,54,54.36,54.03129825,0.1003144354,54.24,82985347.38,0.1430356811
DoS-UDP_Flood,13.78,94.41,11.11740269,1575.61,124.32,220.55,149.1552119,26.50904035,148.72,83011203.61,37.45206939
DDoS-PSHACK_Flood,6,64,30.73707198,567,54,54,54,0,54,83332153.66,0
DoS-UDP_Flood,16.84,66.55,16934.28431,530.52,50,55.52,50.32507467,1.297185128,50.84,83016471.02,1.840854571
DoS-SYN_Flood,6,64,0.4316510014,567,54,54,54,0,54,82973030.66,0
DDoS-PSHACK_Flood,6,64,1.980188222,567,54,54,54,0,54,83330862.97,0
DoS-UDP_Flood,17,64,17552.80965,525,50,50,50,0,50,83016343.7,0
DDoS-PSHACK_Flood,6,64,24.65966949,567,54,54,54,0,54,83330947.16,0
DDoS-SynonymousIP_Flood,6,79.34,44.08682894,809.76,54.8,281.4,81.30768214,67.13617953,69.96,83365607.12,95.05180421
DDoS-PSHACK_Flood,6.05,67.18,0.3590149954,581.62,54.12,67.48,56.02380474,4.106767496,55.06,83331696.75,5.717460716
DoS-UDP_Flood,16.89,65.91,5.626683492,1699.52,159.84,162.68,161.9231579,0.5258358821,161.6,83007913.57,0.6821052632
DDoS-PSHACK_Flood,5.83,62.59,9.82474047,569.32,54,55.76,54.12253087,0.4271820591,55.08,83332034.91,0.5399093917
DDoS-TCP_Flood,6,64,1.990560945,567,54,54,54,0,54,83068522.17,0
DoS-SYN_Flood,6,65.73,0.4378998637,569.8,54,56.8,54.22954793,0.7559784541,54.2,82985354.32,1.070628737
DDoS-RSTFINFlood,6,64,15.13849874,567,54,54,54,0,54,83345001.5,0
DDoS-RSTFINFlood,6,64,3.072489078,567,54,54,54,0,54,83348396.01,0
DDoS-UDP_Flood,17,64,5848.780617,525,50,50,50,0,50,83102278.56,0
DoS-SYN_Flood,6,64,4.015758043,567,54,54,54,0,54,82973142.68,0
DDoS-UDP_Flood,17,64,3837.7073,525,50,50,50,0,50,83123464.38,0
DDoS-UDP_Flood,17,64,4341.967531,525,50,50,50,0,50,83101808.68,0
DoS-UDP_Flood,17,64,20144.4297,525,50,50,50,0,50,83028630.71,0
DDoS-SYN_Flood,6,64,3.449518468,567,54,54,54,0,54,83094338.41,0
Mirai-greeth_flood,47,64,39.42218818,6216,592,592,592,0,592,83681561.92,0
DDoS-ICMP_Flood,12.38,117.85,185.0266918,11961.45,358.29,1853.8,1086.806356,519.3441154,1178.77,83483227.12,733.299991
DDoS-UDP_Flood,17,64,23841.784,525,50,50,50,0,50,83123564.81,0
DDoS-RSTFINFlood,6.11,64.64,34.34380238,568.64,54,55.64,54.08897437,0.3712949204,54.41,83348230.94,0.5281935092
Mirai-greip_flood,47,64,3.661595246,6069,578,578,578,0,578,83581761.38,0
DDoS-TCP_Flood,5.94,63.36,1.997916487,568.02,54,55.02,54.10586438,0.2991349781,54.06,83067296.72,0.4234948694
DDoS-SynonymousIP_Flood,6,64,1.386237691,567,54,54,54,0,54,83361436.58,0
DoS-UDP_Flood,17,64.64,21882.30728,529.51,50,54.51,50.31519628,1.141840394,50.41,83016340.99,1.617909368
DDoS-RSTFINFlood,6.06,65.91,56.32206258,590.32,54,77.32,55.61918598,5.882743435,56.2,83343808.69,8.336106852
DoS-UDP_Flood,16.89,65.73,15553.67416,526.92,50,51.92,50.1407812,0.4958794001,50.16,83012427.64,0.7024903767
Mirai-udpplain,16.83,63.36,1772.030714,5718.2,455.2,549.06,536.2271661,29.4275182,549.06,83707374.67,41.65418508
DDoS-UDP_Flood,17,64,7404.158326,525,50,50,50,0,50,83102287.04,0
DDoS-RSTFINFlood,6,64,0.3291661982,567,54,54,54,0,54,83344520.34,0
DDoS-ICMP_Flood,1,64,2.432213299,441,42,42,42,0,42,83149488.63,0
DDoS-UDP_Fragmentation,16.73,64,160.7399998,9518.53,343.28,1467.92,888.4368719,545.3599006,926.35,83370282.87,771.2283337
DDoS-ICMP_Flood,1,64,7.040319863,441,42,42,42,0,42,83124013.05,0
DDoS-UDP_Flood,17,64,2175.967459,525,50,50,50,0,50,83102148.05,0
DoS-UDP_Flood,16.68,67.82,24718.30323,534,50,54.8,50.63946157,1.394360837,50.8,83011821.55,1.975070376
DDoS-ICMP_Flood,1,64,7.08334173,441,42,42,42,0,42,83124816.09,0
DDoS-RSTFINFlood,5.94,63.36,35.27901118,568.14,54,55.14,54.15586438,0.3574192494,54.06,83348302.59,0.5059212763
DDoS-TCP_Flood,6,64,30.53714802,567,54,54,54,0,54,83034117.75,0
DDoS-TCP_Flood,6,64,213.5864545,567,54,54,54,0,54,83072485.73,0
DDoS-RSTFINFlood,6,64,35.76225028,567,54,54,54,0,54,83343901.68,0
DoS-TCP_Flood,6,64,0.4995445292,567,54,54,54,0,54,82955910.18,0
Recon-OSScan,6,197.7,4.336956025,304.2,54,57.6,54.77666667,1.445659432,57.6,0.001068520546,2.044471175
DDoS-UDP_Flood,17,64.64,1441.730259,528.08,50,53.08,50.1837466,0.7280424925,50.44,83106185.49,1.032937827
DDoS-UDP_Flood,17,64,70751.83156,525,50,50,50,0,50,83102210.05,0
DDoS-RSTFINFlood,6,64,9.590169988,567,54,54,54,0,54,83349382.01,0
DoS-TCP_Flood,6,64,27.33625425,567,54,54,54,0,54,82925803.86,0
DDoS-TCP_Flood,6,64,34.94697094,567,54,54,54,0,54,83037136.43,0
DDoS-RSTFINFlood,6,64,33.69947454,567,54,54,54,0,54,83348242.7,0
DoS-UDP_Flood,17,64,23166.16461,525,50,50,50,0,50,83016010.5,0
Mirai-udpplain,16.84,65.91,805.0087056,5802.48,539.48,554,553.2343743,3.244267726,549.16,83763124.32,4.624720281
DDoS-RSTFINFlood,6,64,6.09541053,567,54,54,54,0,54,83344090.61,0
DDoS-ICMP_Flood,1,64,0,441,42,42,42,0,42,83150702.24,0
DDoS-TCP_Flood,6,65.73,4.251476872,571,54.2,58,54.71954793,1.191397498,54.2,83034149.13,1.686404254
DoS-TCP_Flood,6,64.59,0.4748890987,582.2,54,69.2,55.43868601,4.324941753,54.95,82946578.8,6.123581619
DDoS-SynonymousIP_Flood,6,64,4.297096542,567,54,54,54,0,54,83361057.2,0
DDoS-PSHACK_Flood,6,64,2.18057933,567,54,54,54,0,54,83332150.5,0
DoS-UDP_Flood,17,64,280173.7335,525,50,50,50,0,50,83012437.95,0
DDoS-TCP_Flood,6,64,13400.33227,567,54,54,54,0,54,83067236.34,0
DDoS-RSTFINFlood,6,64,4.027322162,567,54,54,54,0,54,83345110.63,0
DDoS-SYN_Flood,6,64,29.51052017,567,54,54,54,0,54,83089081.75,0
Mirai-greeth_flood,47,64,26.48905842,6216,592,592,592,0,592,83677120.32,0
DDoS-TCP_Flood,6,64,33.27052353,567,54,54,54,0,54,83072065.41,0
DDoS-ICMP_Flood,1,64,81.40012033,441,42,42,42,0,42,83124823.08,0
DDoS-SYN_Flood,6,64,24.88211809,567,54,54,54,0,54,83089863.92,0
DDoS-RSTFINFlood,6,64,1.937722939,567,54,54,54,0,54,83343896.95,0
DoS-UDP_Flood,17,64,18534.98607,525,50,50,50,0,50,83011677.54,0
DDoS-PSHACK_Flood,6,64,1.050423432,567,54,54,54,0,54,83330868.59,0
DDoS-PSHACK_Flood,6,64,1.033010851,567,54,54,54,0,54,83318193.36,0
DDoS-UDP_Flood,17,64,7974.634611,525,50,50,50,0,50,83097826.53,0
DDoS-ICMP_Flood,1,64,1.332925021,441,42,42,42,0,42,83128996.61,0
DDoS-SYN_Flood,6,64,21.38052953,567,54,54,54,0,54,83090053.02,0
DNS_Spoofing,9.3,63.1,47.03606202,5646.2,213.8,1394.9,996.0305556,519.5348708,828.7,0.005565690994,734.7332604
DDoS-TCP_Flood,6,64,31.13993808,567,54,54,54,0,54,83072248.92,0
DDoS-RSTFINFlood,6,64,13.8600618,567,54,54,54,0,54,83344024.31,0
DoS-SYN_Flood,6,64,0.4047677754,567,54,54,54,0,54,82972550.73,0
Mirai-greip_flood,47,64,1.905703805,6069,578,578,578,0,578,83581722.45,0
BenignTraffic,6,97.4,138.2323134,3245.8,56.4,1514.8,413.6952381,513.6564043,933.2,0.001398992538,726.4198533
DDoS-UDP_Flood,17,64,7454.084231,525,50,50,50,0,50,83102060.02,0
DDoS-TCP_Flood,6,64,26.19565374,567,54,54,54,0,54,83072378.99,0
DoS-UDP_Flood,16.68,67.82,14584.83473,528.72,50,53.72,50.35157345,1.017143303,50.48,83011740.04,1.37893297
DDoS-UDP_Flood,17,64,5586.931249,525,50,50,50,0,50,83101938.56,0
DDoS-PSHACK_Flood,6,64,0,567,54,54,54,0,54,83331681.88,0
DDoS-SYN_Flood,6,64,48.67683047,567,54,54,54,0,54,83094027.34,0
DoS-TCP_Flood,6,63.56,0.7710897931,577.35,54,64.35,54.90694036,2.865273484,54.69,82951079.13,4.057331075
Mirai-greeth_flood,47,64,8.310003675,6216,592,592,592,0,592,83681052.25,0
DDoS-ICMP_Flood,1,64,5.188639262,441,42,42,42,0,42,83150190.85,0
DDoS-PSHACK_Flood,6,64,11.87747323,567,54,54,54,0,54,83331259.87,0
DoS-UDP_Flood,17,64,1.477930779,1911,182,182,182,0,182,83007298.46,0
DDoS-ICMP_Flood,1,64,16.79202657,441,42,42,42,0,42,83128393.7,0
DDoS-PSHACK_Flood,6,64,67.55149547,567,54,54,54,0,54,83314881.78,0
DDoS-ICMP_Flood,1,75.46,37.73858432,461.16,42.56,53.2,44.86280175,4.171626005,43.12,83128573.55,5.905028421
DDoS-PSHACK_Flood,6,64,35.78092826,567,54,54,54,0,54,83314862.16,0
Mirai-udpplain,17,64,2639.955179,5817,554,554,554,0,554,83767596.57,0
DDoS-SynonymousIP_Flood,6,64,1076.42859,567,54,54,54,0,54,83365504.46,0
DDoS-SYN_Flood,6,64,26.39029129,567,54,54,54,0,54,83093393.13,0
DDoS-SYN_Flood,6,64,29.81238183,567,54,54,54,0,54,83094044.94,0
DoS-SYN_Flood,6.11,64,0.3966225591,567.48,54,54.48,54.0351953,0.12396985,54.04,82972979.05,0.1756225942
DDoS-ICMP_Flood,1,64,0,441,42,42,42,0,42,99779402.14,0
DDoS-ICMP_Flood,1,64,7358.42807,441,42,42,42,0,42,83149510.03,0
DNS_Spoofing,7.1,74.3,0.3425622353,776.2,90.9,202.3,144.2256746,39.01535075,123.8,0.03022079468,55.17603818
DDoS-RSTFINFlood,6,64,2.176569357,567,54,54,54,0,54,83345090.88,0
DoS-UDP_Flood,17,64,14518.01939,525,50,50,50,0,50,83016670.39,0
DDoS-RSTFINFlood,6,63.77,3.102779329,569.76,54,56.76,54.14973736,0.624862183,54.69,83344463.55,0.8889110276
Recon-OSScan,6,64,65.41221272,297,54,54,54,0,54,1.60E-06,0
DDoS-RSTFINFlood,6,64,1.993853918,567,54,54,54,0,54,83343802.84,0
DoS-UDP_Flood,17,64,2.8088945,1701,162,162,162,0,162,83007930.42,0
DDoS-SYN_Flood,6,64,2.522316129,567,54,54,54,0,54,83089231.33,0
DDoS-SynonymousIP_Flood,6.11,65.91,1.49648517,579.32,54,66.32,54.73498639,2.91216997,55.76,83361033.05,4.131751309
DoS-UDP_Flood,16.57,69.64,4159.800131,535.6,50.32,57.56,51.51473421,2.385503087,50.56,83028538.21,3.376894165
DDoS-RSTFINFlood,6,64,0.4008300231,567,54,54,54,0,54,83348350.81,0
DDoS-TCP_Flood,6,64,1.330253737,567,54,54,54,0,54,83075979.23,0
DDoS-ICMP_Flood,1,64,12.26542754,441,42,42,42,0,42,83128576.3,0
DDoS-PSHACK_Flood,6,64,3.839173713,567,54,54,54,0,54,83314036.33,0
DDoS-UDP_Flood,17,64,6946.770475,525,50,50,50,0,50,83097813.28,0
DoS-UDP_Flood,17,64,16173.61633,525,50,50,50,0,50,83016352.62,0
DDoS-RSTFINFlood,6,64,12.20847798,567,54,54,54,0,54,83340908.58,0
DDoS-SynonymousIP_Flood,6,64,1.692704651,567,54,54,54,0,54,83365396.89,0
DoS-UDP_Flood,16.52,69.73,66465.8125,533,50.4,54.2,51.24909586,1.446852879,50.6,83016454.28,1.986464235
DDoS-PSHACK_Flood,6,64,2.531036746,567,54,54,54,0,54,83331099.21,0
DDoS-UDP_Flood,17,64,341930.9423,525,50,50,50,0,50,83123493.75,0
DDoS-ICMP_Flood,1,64,2.43207732,441,42,42,42,0,42,83149747.68,0
DDoS-TCP_Flood,6,64,0.7809523017,567,54,54,54,0,54,83067366.29,0
DDoS-SYN_Flood,6.11,64,1.511063668,570.8,54,57.8,54.25413313,0.9442910966,54.38,83094045.61,1.33830541
DoS-TCP_Flood,6,64,15.76844547,567,54,54,54,0,54,82925830.35,0
DDoS-ICMP_Flood,1,64,6.919131215,441,42,42,42,0,42,83124080.38,0
DDoS-PSHACK_Flood,6,64,17697.48523,567,54,54,54,0,54,83331092.52,0
DDoS-ICMP_Flood,1,64,32.96462886,441,42,42,42,0,42,83124529.8,0
DDoS-UDP_Flood,17,64,3157.973655,525,50,50,50,0,50,83098760.2,0
DDoS-SynonymousIP_Flood,6,64,6.216150827,567,54,54,54,0,54,83362430.33,0
DDoS-SynonymousIP_Flood,6.11,64,1.678205539,568.02,54,55.02,54.05378363,0.2279031047,54.34,83362539.41,0.3248770446
DoS-SYN_Flood,6,63.84,0.4436125553,569.4,54,56.4,54.1759765,0.6198492501,54.2,82985337.06,0.8781129708
DDoS-SYN_Flood,6,64,27.67672548,567,54,54,54,0,54,83094040.8,0
DDoS-PSHACK_Flood,6,64,0.4921287691,567,54,54,54,0,54,83330973.54,0
DDoS-UDP_Flood,17,64,6162.48386,525,50,50,50,0,50,83123554.41,0
DDoS-SYN_Flood,5.94,63.36,5.956654773,568.14,54,55.14,54.07234348,0.2767763108,54.18,83093444.06,0.3738358232
DDoS-RSTFINFlood,6,64,9.907215752,567,54,54,54,0,54,83348381.98,0
DDoS-ICMP_Flood,1,64,328.4369445,441,42,42,42,0,42,83150183.2,0
Mirai-greip_flood,40.28,72.64,1.742152762,5334.2,378.4,638.26,497.723316,91.40694914,506.34,83646662.07,129.4178458
DDoS-PSHACK_Flood,6,64,26.19238203,567,54,54,54,0,54,83331874.58,0
DDoS-SynonymousIP_Flood,6,64,0.9635753822,567,54,54,54,0,54,83362148.87,0
DDoS-PSHACK_Flood,6,64,8.483288284,567,54,54,54,0,54,83330932.94,0
DDoS-UDP_Flood,17,64,4786.961489,525,50,50,50,0,50,83106362.3,0
DoS-UDP_Flood,17,64,13103.28792,525,50,50,50,0,50,83028627.01,0
DDoS-UDP_Flood,17,64,7978.863343,525,50,50,50,0,50,83098683.19,0
DDoS-UDP_Flood,17,64,7723.053994,525,50,50,50,0,50,83106485.88,0
DDoS-RSTFINFlood,6,64,1.529974837,567,54,54,54,0,54,83344186.57,0
DDoS-PSHACK_Flood,6,64,431.5127572,567,54,54,54,0,54,83331834.79,0
DoS-UDP_Flood,16.2,74.77,8115.607879,551.08,50.76,57.4,53.27332618,2.50605954,51.72,83011846.07,3.4851875
DDoS-ICMP_Flood,1,64,155.2784555,441,42,42,42,0,42,83128039.6,0
DDoS-TCP_Flood,6,64,25.9281051,567,54,54,54,0,54,83034017.52,0
DoS-SYN_Flood,6,64,32.25692928,567,54,54,54,0,54,82981008.85,0
DDoS-RSTFINFlood,6,63.79,2.656777922,571.83,54,58.83,54.28814807,1.141703,54.69,83344753.43,1.61983432
DDoS-SynonymousIP_Flood,6,64,5.31799878,567,54,54,54,0,54,83362521.46,0
DDoS-RSTFINFlood,6,64,3.248306263,567,54,54,54,0,54,83348161.03,0
DDoS-RSTFINFlood,6,64,9.868161135,567,54,54,54,0,54,83340905.14,0
DDoS-UDP_Flood,16.83,63.36,6122.129168,525.2,50,50.2,50.01026316,0.04412418254,50.1,83102300.56,0.06315789474
DDoS-TCP_Flood,6,64,4.900569121,567,54,54,54,0,54,83064239.18,0
DoS-SYN_Flood,6.22,63.65,0.8113592503,567.44,53.48,54.96,54.0301953,0.299384504,54.04,82977520.56,0.4241170454
DDoS-TCP_Flood,6,64,19.87298134,1827,174,174,174,0,174,83064042.11,0
DoS-SYN_Flood,6.33,64,1468011.744,576.72,54,57.6,54.62681857,1.352783822,55.08,82980873.05,1.916979678
DDoS-RSTFINFlood,6,64,7.713076217,567,54,54,54,0,54,83348457.16,0
DDoS-UDP_Flood,16.89,63.78,5436.582196,526.2,50,51.2,50.10515251,0.3322056213,50.08,83101801.56,0.4704151971
DDoS-SynonymousIP_Flood,6,64,1.58416851,567,54,54,54,0,54,83361995.37,0
DoS-UDP_Flood,17,64,40.53480304,1911,182,182,182,0,182,83006941.77,0
DDoS-RSTFINFlood,6,64,645277.5385,567,54,54,54,0,54,83348289.48,0
DDoS-TCP_Flood,6,64,224.0606854,567,54,54,54,0,54,83034007.53,0
DDoS-UDP_Flood,16.83,63.36,13345.26822,526.2,50,51.2,50.08798825,0.3099246251,50.1,83106170.48,0.4390564854
DDoS-RSTFINFlood,6,64,3.029338678,567,54,54,54,0,54,83348144.08,0
DDoS-UDP_Fragmentation,16.38,61.99,821.4517649,9472.44,331.38,1502.48,930.7018493,551.2544194,891.5,83366404.84,779.7232136
DDoS-ICMP_Flood,1,64,47.02563815,441,42,42,42,0,42,83124157.94,0
DDoS-RSTFINFlood,6,64,13.22046378,567,54,54,54,0,54,83345006.17,0
DDoS-SynonymousIP_Flood,6.11,65.91,1.351887142,579.32,54,66.32,54.73498639,2.91216997,55.76,83361206.05,4.131751309
DDoS-UDP_Flood,17,64,14934.59483,525,50,50,50,0,50,83098362.61,0
DDoS-ICMP_Flood,0.99,63.36,7.08334173,442.62,42,43.62,42.10401522,0.3955494209,42.18,83124816.09,0.5607537348
DDoS-RSTFINFlood,6,64,3.133306789,567,54,54,54,0,54,83340873.57,0
Mirai-greeth_flood,46.7,64,2.484621594,6189.82,565.82,592,590.4381539,6.188361187,588.26,83693858.23,8.779971532
DDoS-UDP_Flood,17,64,11265.6671,525,50,50,50,0,50,83107439.48,0
Mirai-greeth_flood,47,64,2.224279588,6216,592,592,592,0,592,83693967.46,0